UDI,Product ID,Type,Air temperature [K],Process temperature [K],Rotational speed [rpm],Torque [Nm],Tool wear [min],temp_diff,power_w,wear_torque,Machine failure,TWF,HDF,PWF,OSF,RNF
1438,H30851,H,298.8,309.9,1439,45.2,40,11.099999999999966,6811.266088297007,1808.0,1,0,0,0,0,0
2750,M17609,M,299.7,309.2,1685,28.9,179,9.5,5099.485555184512,5173.099999999999,1,0,0,0,0,0
4045,M18904,M,301.9,310.9,1419,47.7,20,9.0,7088.0927609558275,954.0,1,0,0,0,0,0
4685,M19544,M,303.6,311.8,1421,44.8,101,8.199999999999989,6666.543386721636,4524.799999999999,1,0,0,0,0,0
5537,M20396,M,302.3,311.8,1363,54.0,119,9.5,7707.5834163171985,6426.0,1,0,0,0,0,0
5942,L53121,L,300.6,310.7,1438,48.5,78,10.099999999999966,7303.469881310431,3783.0,1,0,0,0,0,0
6479,L53658,L,300.5,309.8,1663,29.1,145,9.300000000000011,5067.734525432231,4219.5,1,0,0,0,0,0
8507,L55686,L,298.4,309.6,1710,27.3,163,11.200000000000045,4888.632328251077,4449.900000000001,1,0,0,0,0,0
9016,L56195,L,297.2,308.1,1431,49.7,210,10.900000000000034,7447.742287938787,10437.0,1,0,0,0,0,0
